PC01820180UK	Multivitamin with Yerba Mate - 180 vegan capsules	5904139921128
PC0182090UK 	Multivitamin with Yerba Mate - 90 vegan capsules	5904139921104
PC01820180PL	Multiwitamina z Yerba Mate - 180 kapsułek wegańskich	5904139921111
PC0182090PL 	Multiwitamina z Yerba Mate - 90 kapsułek wegańskich	5904139921098
PC0470120UK	Active C, 1000 mg vitamin C - 120 vegan capsules	5904139921449
PC047060UK 	Active C, 1000 mg vitamin C - 60 vegan capsules	5904139921456
PS060120PL	Witamina D3 4000 IU - 120 kapsułek miękkich	5904139921432
PC045090PL	Selen 200 μg - 90 wegańskich kapsułek	5904139921005
PC0560120PL	Cynk + Miedź, 15 mg + 1 mg - 120 kapsułek wegańskich	5904139921425
PC0560120UK	Zinc + Copper, 15 mg + 1 mg - 120 vegan capsules	5904139921418
PC0560120UK	Zinc + Copper, 15 mg + 1 mg - 120 vegan capsules	5904139921418
PS01060PL	Omega-3 EXTRA 1300 mg - 60 kapsułek, smak cytrynowy	5904139920411
PS010120PL	Omega-3 EXTRA 1300 mg - 120 kapsułek, smak cytrynowy	5904139920374
PC063060PL	Ostropest plamisty, sylimaryna 100 mg - 60 kapsułek wegańskich	5904139921975
PC0630120UK	Milk Thistle, silymarin 100 mg - 120 vegan capsules	5904139921982
PC0630120PL	Ostropest plamisty, sylimaryna 100 mg - 120 kapsułek wegańskich	5904139921968
PC063060UK 	Milk Thistle, silymarin 100 mg - 60 vegan capsules	5904139921999
PC035060PL	Cordyceps 1200 mg - 60 wegańskich kapsułek	5904139921548
PC035060UK 	 Cordyceps 1200 mg - 60 vegan capsules	5904139921531
PC0350120PL	Cordyceps 1200 mg - 120 wegańskich kapsułek	5904139921562
PC0350120UK	Cordyceps 1200 mg - 120 vegan capsules	5904139921555
PC0182090UK 	Multivitamin with Yerba Mate - 90 vegan capsules	5904139921104
PC01820180UK 	 Multivitamin with Yerba Mate - 180 vegan capsules	5904139921128
PC01820180PL	 Multiwitamina z Yerba Mate - 180 kapsułek wegańskich	5904139921111
PL013025UK	Multivitamin CoQ10 - 25 ml oral spray, orange flavour	5904139920565
PL013025PL	Multiwitamina koenzym Q10 - 25 ml spray doustny, smak pomarańczowy	5904139920572
PL09025PL	Melatonina 1 mg z passiflorą - 25 ml spray doustny, smak czarnej  porzeczki	5904139920664
PL09025EU	Melatonin 1 mg with passion flower - 25 ml oral spray, blackcurrant  flavour	5904139920657
PL09025PL	Melatonina 1 mg z passiflorą - 25 ml spray doustny, smak czarnej  porzeczki	5904139920664
PL09025EU	Melatonin 1 mg with passion flower - 25 ml oral spray, blackcurrant  flavour	5904139920657
PL013025UK	Multivitamin CoQ10 - 25 ml oral spray, orange flavour	5904139920565
PL013025PL	Multiwitamina koenzym Q10 - 25 ml spray doustny, smak pomarańczowy	5904139920572
PL014025PL	Kompleks witamin B - 25 ml spray doustny, smak pomarańczowy	5904139920626
PL014025UK	B-complex - 25 ml oral spray, orange flavour	5904139920619
PL014025PL	Kompleks witamin B - 25 ml spray doustny, smak pomarańczowy	5904139920626
PL014025UK	B-complex - 25 ml oral spray, orange flavour	5904139920619
PP02070300UK	Collagen, type I & III - 300 grams	5904139921524
PP02070300PL	Kolagen, typu I & III - 300 gramów	5904139921517
PP02030150UK	Collagen Hair, Skin & Nails - 150 grams	5904139922002
PP02030150PL	Kolagen Włosy, Skóra i Paznokcie - 150 gramów	5904139922019
PL012025UK	Vitamin D3 + K2 - 25 ml oral spray, peppermint flavour	5904139920589
PL012025PL	Witamina D3 + K2 - 25 ml spray doustny, smak miętowy	5904139920596
PL012025UK	Vitamin D3 + K2 - 25 ml oral spray, peppermint flavour	5904139920589
PL0187025UK	Methyl-B12 100 µg oral spray, cherry flavour	5904139920541
PL0187025PL	 Witamina B12 Metylokobalamina 100 µg - 25 ml spray doustny, smak wiśniowy	5904139920558
PL0187025UK	 Methyl-B12 100 µg oral spray, cherry flavour	5904139920541
PL0187025PL	 Witamina B12 Metylokobalamina 100 µg - 25 ml spray doustny, smak wiśniowy	5904139920558
PL012025PL	Witamina D3 + K2 - 25 ml spray doustny, smak miętowy	5904139920596
PP02150153PL	Kolagen Stawy i Kości - 153 gramów	5904139922033
PP02020151PL	Kolagen Ścięgna i Więzadła - 150,9 gram	5904139922286
PG0188060PL	Witamina D3 2000 IU - 60 żelków smak cytrynowy	5904139922040
PC02130120PL	Ashwagandha EXTRA, 400 mg - 120 wegańskich kapsułek	5904139922545
PC02130120UK	Ashwagandha EXTRA, 400 mg - 120 vegan capsules	5904139922569
PC0213060UK	Ashwagandha EXTRA, 400 mg - 60 vegan capsules	5904139922576
PC0213060PL	Ashwagandha EXTRA, 400 mg - 60 wegańskich kapsułek	5904139922552
PC02110120PL	Passiflora 250 mg - 120 kapsułek wegańskich	5904139922309
PC02110120UK	Passiflora 250 mg - 120 vegan capsules	5904139922330
PC0211060PL	Passiflora 250 mg - 60 kapsułek wegańskich	5904139922316
PC0211060UK	Passiflora 250 mg - 60 vegan capsules	5904139922323
PC0230120EU 	Melatonin 1 mg with valerian & lemon balm - 120 vegan capsules	5904139920862
PC023060PL 	Melatonina 1 mg z walerianą i melisą - 60 kapsułek wegańskich	5904139920831
PC023060EU 	Melatonin 1 mg with valerian & lemon balm - 60 vegan capsules	5904139920848
PC0230120PL	Melatonina 1 mg z walerianą i melisą - 120 kapsułek wegańskich	5904139920855
PC0330120UK 	Biotin 10 000 μg - 120 vegan capsules	5904139921777
PC033060UK 	Biotin 10 000 μg - 60 vegan capsules	5904139921784
PC0182090PL 	Multiwitamina z Yerba Mate - 90 kapsułek wegańskich	5904139921098
PC01670120PL	 Ziołowe Wsparcie Snu - 120 kapsułek wegańskich	5904139922446
PC0167060UK	 Herbal Sleep Support - 60 vegan capsules	5904139922422
PC0167060PL 	Ziołowe Wsparcie Snu - 60 kapsułek wegańskich	5904139922453
PC01670120UK 	Herbal Sleep Support - 120 vegan capsules	5904139922439
PS0159060UK 	Oregano oil - 60 enteric capsules	5904139922361
PS01590120PL	Olejek z oregano - 120 kapsułek dojelitowych	5904139922347
PS01590120UK	Oregano oil - 120 enteric capsules	5904139922354
PS0159060PL	Olejek z oregano - 60 kapsułek dojelitowych	5904139922378
PS0410180PL	Olej z wiesiołka 1800 mg z witaminą A i E - 180 kapsułek miękkich	5904139922231
PS0410180UK 	Primrose Oil 1800 mg with vitamin A & E - 180 softgels	5904139922187
PS041060PL 	Olej z wiesiołka 1800 mg z witaminą A i E - 60 kapsułek miękkich	5904139922217
PS041060UK	Primrose Oil 1800 mg with vitamin A & E - 60 softgels	5904139922200
PS0410120PL	Olej z wiesiołka 1800 mg z witaminą A i E - 120 kapsułek miękkich	5904139922224
PC023060PL	Melatonina 1 mg z walerianą i melisą - 60 kapsułek wegańskich	5904139920831
PC0167060PL 	Ziołowe Wsparcie Snu - 60 kapsułek wegańskich	5904139922453
PC0211060PL	Passiflora 250 mg - 60 kapsułek wegańskich	5904139922316
PC0213060PL	Ashwagandha EXTRA, 400 mg - 60 wegańskich kapsułek	5904139922552
PC0550120PL	Maca 1000 mg - 120 kapsułek wegańskich	5904139922385
PC0550120UK 	Maca 1000 mg - 120 vegan capsules	5904139922415
PC055060UK	Maca 1000 mg - 60 vegan capsules	5904139922408
PC055060PL	Maca 1000 mg - 60 kapsułek wegańskich	5904139922392
PL08025PL	Melatonina 1 mg z passiflorą - 25 ml spray doustny, smak wiśniowy	5904139922729
PL08025PL	Melatonina 1 mg z passiflorą - 25 ml spray doustny, smak wiśniowy	5904139922729
PL08025EU	Melatonin 1 mg with passion flower - 25 ml oral spray, cherry flavour	5904139922736
PL08025EU	Melatonin 1 mg with passion flower - 25 ml oral spray, cherry flavour	5904139922736
PS0410120UK 	Primrose Oil 1800 mg with vitamin A & E- 120 softgels	5904139922194
PC01600120PL	 Witamina B6, P-5-P 30 mg - 120 kapsułek wegańskich	5904139922507
PC01600120UK 	Vitamin B6, P-5-P 30 mg - 120 vegan capsules	5904139922538
PC0160060UK	Vitamin B6, P-5-P 30 mg - 60 vegan capsules	5904139922521
PC0160060PL	Witamina B6, P-5-P 30 mg - 60 kapsułek wegańskich	5904139922514
PC01570120PL	Bor, 3 mg  - 120 kapsułek wegańskich	5904139922460
PC0157060PL	Bor, 3 mg  - 60 kapsułek wegańskich	5904139922477
PC01570120UK	Boron, 3 mg - 120 vegan capsules	5904139922491
PC0157060UK	Boron, 3 mg - 60 vegan capsules	5904139922484
PC02040120PL	Rhodiola Rosea Korzeń 400 mg - 120 wegańskich kapsułek	5904139921593
PC0204060PL	Rhodiola Rosea Korzeń 400 mg - 60 wegańskich kapsułek	5904139921616
PC02040120UK	Rhodiola Rosea Root 400 mg - 120 vegan capsules	5904139921609
PC0204060UK	Rhodiola Rosea Root 400 mg - 60 vegan capsules	5904139921623
PS01060PL	Omega-3 EXTRA 1300 mg - 60 kapsułek, smak cytrynowy	5904139922798
PS01060UK	Omega-3 EXTRA 1300 mg - 60 softgels, lemon flavour	5904139922781
PS010120UK	Omega-3 EXTRA 1300 mg - 120 softgels, lemon flavour	5904139922767
PS010120PL	Omega-3 EXTRA 1300 mg - 120 kapsułek, smak cytrynowy	5904139922774
PS010180PL05	Omega-3 EXTRA 1300 mg - 180 kapsułek, smak cytrynowy	5904139922750
PS010180UK	Omega-3 EXTRA 1300 mg - 180 softgels, lemon flavour	5904139922743
PS07060PL	Omega-3 VEGAN 250 mg DHA - 60 wegańskich kapsułek miękkich	5904139920459
PS07060UK	Omega-3 VEGAN 250 mg DHA - 60 vegan softgels	5904139920442
PS070120UK	Omega-3 VEGAN 250 mg DHA - 120 vegan softgels	5904139920428
PS070120PL	Omega-3 VEGAN 250 mg DHA - 120 wegańskich kapsułek miękkich	5904139920435
PF02090120PL	Liposomalna witamina C 1000 mg - 120 kapsułek wegańskich	5904139922262
PF02090120UK	Liposomal vitamin C 1000 mg - 120 vegan capsules	5904139922279
PC0212060PL	Ziołowe wsparcie nerek - 60 kapsułek wegańskich	5904139922590
PC0212060UK 	Herbal Kidney Support - 60 vegan capsules	5904139922613
PC02120120UK	Herbal Kidney Support - 120 vegan capsules	5904139922606
PC02120120PL	Ziołowe wsparcie nerek - 120 kapsułek wegańskich	5904139922583
PG0210090PL	Ashwagandha 375 mg, żelki - 90 żelków 	5904139922248
PG0210090UK	 Ashwagandha 375 mg, gummies - 90 gummies	5904139922255
NPL010250UK	Norwegian cod liver oil, 1000 mg Omega 3, unflavoured - 250 ml	5065013139005
NPL020250UK	Norwegian cod liver oil, 1000 mg Omega 3, natural lemon flavour - 250 ml	5065013139012
NPL020500UK	Norwegian cod liver oil, 1000 mg Omega 3, natural lemon flavour - 500 ml	5065013139043
NPL030250UK	Norwegian cod liver oil, 1000 mg Omega 3, natural orange flavour - 500 ml	5065013139029
NPL040250UK	Norwegian cod liver oil, 1000 mg Omega 3, natural lemon- mint flavour - 250 ml	5065013139036
NPL050250UK	Norwegian cod liver oil + D3, 1000 mg Omega 3, natural lemon flavour - 250 ml	5065013139050
NPL060250UK	Norwegian cod liver oil Kids, 500 mg Omega 3, natural lemon flavour -  250 ml	5065013139074
NPL060500UK	Norwegian cod liver oil Kids, 500 mg Omega 3, natural lemon flavour - 500 ml	5065013139081
NPL080250UK	Daily Omega, 1600 mg Omega 3,  natural lemon flavour - 250 ml	5065013139111
NPL080500UK	Daily Omega, 1600 mg Omega 3,  natural lemon flavour - 500 ml	5065013139128
NPL090250UK	Daily Omega + D3,  1600 mg Omega 3, natural lemon flavour - 250 ml	5065013139135
NPL090500UK	Daily Omega + D3,  1600 mg Omega 3, natural lemon flavour - 500 ml	5065013139142
NPL0100250UK	Daily Omega Kids, 800 mg Omega 3, natural lemon flavour - 250 ml	5065013139104
NPL07050UK	Norwegian cod liver oil Kids, 1000 mg Omega 3,  natural lemon flavour - 50 ml	5065013139098
NPL07050UK	Norwegian cod liver oil Kids, 1000 mg Omega 3,  natural lemon flavour - 50 ml	5065013139098
PL037015UK	Vitamin D3 3000 IU - 15 ml oral spray	5904139921500
PL037015UK	Vitamin D3 3000 IU - 15 ml oral spray	5904139921500
NPL010250PL	Tran norweski, 1000 mg Omega 3 - 250 ml	5904139922835
NPL020250PL	Tran norweski, 1000 mg Omega 3, naturalny aromat cytrynowy - 250 ml	5904139922842
NPL020500PL	Tran norweski, 1000 mg Omega 3, naturalny aromat cytrynowy - 500 ml	5904139922859
NPL030250PL	Tran norweski, 1000 mg Omega 3, naturalny aromat pomarańczowy - 250 ml	5904139922866
NPL040250PL	Tran norweski, 1000 mg Omega 3, naturalny aromat cytryna-mięta - 250 ml	5904139922873
NPL050250PL	Tran norweski + D3, 1000 mg Omega 3, naturalny aromat cytrynowy - 250 ml	5904139922880
NPL060250PL	Tran norweski Kids, 500 mg Omega 3, naturalny aromat cytrynowy - 250 ml	5904139922897
NPL060500PL	Tran norweski Kids, 500 mg Omega 3, naturalny aromat cytrynowy - 500 ml	5904139922910
NPL07050PL	Tran norweski Kids, 1000 mg Omega 3,  naturalny aromat cytrynowy - 50 ml	5904139922927
NPL080250PL	Daily Omega, 1600 mg Omega 3, naturalny aromat cytrynowy - 250 ml	5904139922965
NPL080500PL	Daily Omega, 1600 mg Omega 3, naturalny aromat cytrynowy - 500 ml	5904139922972
NPL090250PL	Daily Omega + D3,  1600 mg Omega 3, naturalny aromat cytrynowy - 250 ml	5904139922934
NPL090500PL	Daily Omega + D3, 1600 mg Omega 3, naturalny aromat cytrynowy - 500 ml	5904139922941
NPL0100250PL	Daily Omega Kids, 800 mg Omega 3, naturalny aromat cytrynowy - 250 ml	5904139922958
PC01800120PL	GABA 500 mg + witamina B6 - 120 kapsułek wegańskich	5904139923160
PS0208060PL	Witamina D3 + K2, 4000 IU + 150 μg - 60 kapsułek	5904139922156
PS0208060UK	Vitamin D3 + K2, 4000 IU + 150 μg - 60 softgels	5904139922163
PS02080120UK	Vitamin D3 + K2, 4000 IU + 150 μg - 120 softgels	5904139922170
PP0380270PL	Inulina z korzenia cykorii - 270 gramów	5904139922620
PP0380270UK	Inulin from chicory root - 270 grams	5904139922637
PS0192060UK	Caprylic acid, 1200 mg - 60 softgels	5904139922125
PS0192060PL	Kwas kaprylowy, 1200 mg - 60 kapsułek miękkich	5904139922118
PS01920120PL	 Kwas kaprylowy, 1200 mg - 120 kapsułek miękkich	5904139922101
PS01920120UK	Caprylic acid, 1200 mg - 120 softgels	5904139922132
PC0240120PL	Colostrum Immuno 800 mg - 120 kapsułek	5904139920909
PC0240120UK	Colostrum Immuno 800 mg - 120 capsules	5904139920893
PC024060PL	Colostrum Immuno 800 mg - 60 kapsułek	5904139920886
PC024060UK	Colostrum Immuno 800 mg - 60 capsules	5904139920879
PC0183060PL	Kozieradka 550 mg - 60 kapsułek wegańskich	5904139923306
PC0240120PL	Kozieradka 550 mg - 120 kapsułek wegańskich	5904139923313
PC0183060UK	 Fenugreek 550 mg - 60 vegan capsules	5904139923337
PC01830120UK 	Fenugreek 550 mg - 120 vegan capsules	5904139923320
PC067090PL	Tribulus Terrestris, saponiny 200 mg - 90 kapsułek wegańskich	5904139923344
PC067090UK	Tribulus Terrestris, saponins 200 mg - 90 vegan capsules	5904139923368
PC0670120UK	 Tribulus Terrestris, saponins 200 mg - 120 vegan capsules	5904139923375
PC0670120PL	Tribulus Terrestris, saponiny 200 mg - 120 kapsułek wegańskich	5904139923351
PC0440180PL	Potas 300 mg - 180 wegańskich kapsułek	5904139920985
PC0440180UK	Potassium 300 mg - 180 vegan capsules	5904139920978
PC044090PL	Potas 300 mg - 90 wegańskich kapsułek	5904139920961
PC044090UK	Potassium 300 mg - 90 vegan capsules	5904139920954
PS02080120PL	Witamina D3 + K2, 4000 IU + 150 μg - 120 kapsułek	5904139922149
PC0200120PL	Witamina B12, metylokobalamina, 100 μg - 120 wegańskich kapsułek	5904139920770
PC020060PL	Witamina B12, metylokobalamina, 100 μg - 60 wegańskich kapsułek	5904139920756
PC045090UK	Selenium 200 μg - 90 vegan capsules	5904139920992
PC045090PL	Selen 200 μg - 90 wegańskich kapsułek	5904139921005
PC0450180UK	Selenium 200 μg - 180 vegan capsules	5904139921012
PC0450180PL	Selen 200 μg - 180 wegańskich kapsułek	5904139921029
PC0191090PL	Cytrynian magnezu + B6 - 90 kapsułek wegańskich	5904139923283
PC0191090UK	Magnesium citrate + B6 - 90 vegan capsules	5904139923290
PS0270180PL	Olej MCT 1000 mg - 180 kapsułek	5904139920138
PS027060PL	Olej MCT 1000 mg - 60 kapsułek	5904139920152
PC01810100PL	Inozytol, 600 mg - 100 kapsułek wegańskich	5904139923382
PC01810100UK	Inositol, 600 mg - 100 vegan capsules	5904139923399
PP02250300PL	Witamina C 1000 mg, proszek - 300 gramów	5904139923085
PP02250300UK	Vitamin C 1000 mg, powder - 300 grams	5904139923092
PP02030150PL	Kolagen Włosy, Skóra i Paznokcie - 150 gramów	5904139922019
PP02070600PL	Kolagen, typu I & III - 600 gramów	5904139923146
PP02070600UK	Collagen, type I & III - 600 grams	5904139923146
PL09025PL	Melatonina 1 mg z passiflorą, spray doustny, smak czarnej porzeczki - 25 ml	5904139920664
PL09025PL	Melatonina 1 mg z passiflorą, spray doustny, smak czarnej porzeczki - 25 ml	5904139920664
PC02260120PL	MSM, 1000 mg - 120 kapsułek wegańskich	5904139923504
PC02260120UK	MSM, 1000 mg - 120 vegan capsules	5904139923511
PP02070300PL	Kolagen, typu I & III - 300 gramów	5904139921517
PP02070300UK	Collagen, type I & III - 300 grams	5904139921524
PP02220250UK	Magnesium citrate  + B6, powder - 250 grams	5904139923191
PP02220250PL	Cytrynian magnezu + B6, proszek - 250 gramów	5904139923184
PP02150153PL	Kolagen Stawy i Kości - 153 gramy	5904139922033
PP02230240PL	Inozytol 1000 mg, proszek - 240 gramów	5904139923122
PP02230240UK	Inositol 1000 mg, powder - 240 grams	5904139923139
PC0630120PL	Ostropest plamisty, sylimaryna 100 mg - 120 kapsułek wegańskich	5904139921968
PC0630120UK 	Milk Thistle, silymarin 100 mg - 120 vegan capsules	5904139921982
PC063060PL 	Ostropest plamisty, sylimaryna 100 mg - 60 kapsułek wegańskich	5904139921975
c	Milk Thistle, silymarin 100 mg - 60 vegan capsules	5904139921999
PL0217026UK	Selenium 200 µg, oral spray, pineapple flavour - 26 ml	5904139922675
PL0217026UK	Selenium 200 µg, oral spray, pineapple flavour - 26 ml	5904139922675
PL0217026PL	Selen 200 µg spray doustny, smak ananasowy - 26 ml	5904139922668
PL0217026PL	Selen 200 µg spray doustny, smak ananasowy - 26 ml	5904139922668
PC01800120PL	GABA 500 mg + witamina B6 - 120 kapsułek wegańskich	5904139923160
PC01800120EU	GABA 500 mg + vitamin B6 - 120 vegan capsules	5904139923177
PS0650180PL 	Omega-3 olej rybi 1000 mg - 180 kapsułek	5904139923429
PS0650180UK	Omega-3 fish oil 1000 mg - 180 softgels	5904139923474
PS0650120UK	Omega-3 fish oil 1000 mg - 120 softgels	5904139923467
PS0650120PL	Omega-3 olej rybi 1000 mg - 120 kapsułek	5904139923436
PS065060UK	Omega-3 fish oil 1000 mg - 60 softgels	5904139923450
PS065060PL	Omega-3 olej rybi 1000 mg - 60 kapsułek	5904139923443
PL0218026UK	Iodine 150 µg, oral spray, cherry flavour - 26 ml	5904139922651
PL0218026UK	Iodine 150 µg, oral spray, cherry flavour - 26 ml	5904139922651
PL0218026PL	Jod 150 µg, spray doustny, smak wiśniowy - 26 ml	5904139922644
PL0218026PL	Jod 150 µg, spray doustny, smak wiśniowy - 26 ml	5904139922644
PP021505UK	Collagen Joints & Bones - 5,1 grams 	5904139923030
PP021505PL	Kolagen Stawy i Kości - 5,1 gram	5904139923009
PP020205UK	Collagen Tendons & Ligaments - 5 grams 	5904139923023
PP020205PL	Kolagen Ścięgna i Więzadła - 5 gramów	5904139922996
NPL0110500UK	Super Omega, 2900 mg Omega 3, natural lemon flavour - 500 ml	5065013139173
NPL0110500PL	Super Omega, 2900 mg Omega 3, naturalny aromat cytrynowy - 500 ml	5904139923221
NPL0110500PL	Super Omega, 2900 mg Omega 3, naturalny aromat cytrynowy - 500 ml	5904139923221
NPL0110250PL	Super Omega, 2900 mg Omega 3, naturalny aromat cytrynowy - 250 ml	5904139923214
NPL0110250PL	Super Omega, 2900 mg Omega 3, naturalny aromat cytrynowy - 250 ml	5904139923214
NPL0110250UK	Super Omega, 2900 mg Omega 3, natural lemon flavour - 250 ml	5065013139166
NPL0120500PL	Super Omega + D3, 2900 mg Omega 3, naturalny aromat cytrynowy - 500 ml	5904139923245
NPL0120500PL	Super Omega + D3, 2900 mg Omega 3, naturalny aromat cytrynowy - 500 ml	5904139923245
NPL0120500UK	Super Omega + D3, 2900 mg Omega 3, natural lemon flavour - 500 ml	5065013139197
NPL0120250UK	Super Omega + D3, 2900 mg Omega 3, natural lemon flavour - 250 ml	5065013139180
NPL0120250PL	Super Omega + D3, 2900 mg Omega 3, naturalny aromat cytrynowy - 250 ml	5904139923238
NPL0120250PL	Super Omega + D3, 2900 mg Omega 3, naturalny aromat cytrynowy - 250 ml	5904139923238
NPL0140250UK	Super Strong Omega + D3, 3500 mg Omega 3, natural lemon flavour - 250 ml	5065013139210
NPL0140250PL	Super Strong Omega + D3, 3500 mg Omega 3, naturalny aromat cytrynowy - 250 ml	5904139923269
NPL0140250PL	Super Strong Omega + D3, 3500 mg Omega 3, naturalny aromat cytrynowy - 250 ml	5904139923269
NPL013050PL	Super Strong Omega Kids, 1160 mg Omega 3, naturalny aromat cytrynowy - 50 ml	5904139923252
NPL013050PL	Super Strong Omega Kids, 1160 mg Omega 3, naturalny aromat cytrynowy - 50 ml	5904139923252
NPL013050UK	Super Strong Omega Kids, 1160 mg Omega 3, natural lemon flavour - 50 ml	5065013139203
NPL013050UK	Super Strong Omega Kids, 1160 mg Omega 3, natural lemon flavour - 50 ml	5065013139203
PP02240240PL	Cytrynian wapnia, proszek - 240 gramów	5904139923108
PP02240240UK	Calcium citrate, powder - 240 grams	5904139923115
PG029060UK	Multivitamin Gummies KIDS, sugar free, orange, raspberry, lemon flavour - 60 gummies 	5904139923078
PG029060PL	Multiwitaminowe Żelki KIDS, bez cukru, smak pomarańczowy, malinowy, cytrynowy - 60 żelków	5904139923061
PS065060PL	Omega-3 olej rybi 1000 mg - 60 kapsułek	5904139923443
PS040060PL	Witaminy ADEK - 60 kapsułek miękkich	5904139920237
PS040060UK	ADEK Vitamins - 60 softgels	5904139920220
PS0400120PL	Witaminy ADEK - 120 kapsułek miękkich	5904139920213
PS0400120UK	ADEK Vitamins - 120 softgels	5904139920206
PP02280100PL	Colostrum 1200 mg, proszek - 100 gramów	5904139923405
PP02280100UK	Colostrum 1200 mg, powder - 100 grams 	5904139923412
PP02270120UK	D-mannose 2000 mg, powder - 120 grams	5904139923498
PP02270120PL	D-mannoza 2000 mg, proszek - 120 gramów	5904139923481
NPL015050UK	Super Strong DHA Kids, 640 mg DHA, natural lemon flavour - 50 ml	5065013139227
NPL015050UK	Super Strong DHA Kids, 640 mg DHA, natural lemon flavour - 50 ml	5065013139227
PP02030150UK	Collagen Hair, Skin & Nails - 150 grams	5904139922002
PC01990180PL	Witamina C 1000 z rutyną i dziką różą - 180 kapsułek wegańskich	5904139921371
PC01990180UK 	Vitamin C 1000 with rutin & rose hip - 180 vegan capsules	5904139921388
PC01990120PL 	Witamina C 1000 z rutyną i dziką różą - 120 kapsułek wegańskich	5904139921395
PC01990120UK 	Vitamin C 1000 with rutin & rose hip - 120 vegan capsules	5904139921401
PP022204PL	Cytrynian magnezu + B6, proszek - 4 gramy	5904139923603
PP022204UK	Magnesium citrate  + B6, powder - 4 grams 	5904139923610
PC0550120UK 	Maca 1000 mg - 120 vegan capsules	5904139922415
PC0550120PL	Maca 1000 mg - 120 kapsułek wegańskich	5904139922385
PC055060PL	Maca 1000 mg - 60 kapsułek wegańskich	5904139922392
PC055060UK 	Maca 1000 mg - 60 vegan capsules	5904139922408
PC0850120PL	Biotyna 2500 μg - 120 kapsułek wegańskich	5904139921739
PC085060UK 	Biotin 2500 μg - 60 vegan capsules	5904139921760
PC085060PL 	Biotyna 2500 μg - 60 kapsułek wegańskich	5904139921746
PC02290120PL	Glicyna, 1000 mg - 120 kapsułek wegańskich	5904139923528
PC02290120UK	Glycine, 1000 mg - 120 vegan capsules	5904139923535
PC01960120PL	Kompleks-B z choliną i inozytolem - 120 kapsułek wegańskich	5904139921210
PC01960120UK	B-complex with choline & inositol - 120 vegan capsules	5904139921227
PC0196060UK	B-complex with choline & inositol - 60 vegan capsules	5904139921203
PC0196060PL	Kompleks-B z choliną i inozytolem - 60 kapsułek wegańskich	5904139921197
PC0340250PL	Chrom 200 µg -250 kapsułek wegańskich	5904139921357
PC0340250UK	Chromium 200 µg - 250 vegan capsules	5904139921364
PC0340120PL 	Chrom 200 µg - 120 kapsułek wegańskich	5904139921333
PC0340120UK 	Chromium 200 µg - 120 vegan capsules	5904139921340
PC034060UK	Chromium 200 µg - 60 vegan capsules	5904139921326
PC034060PL	Chrom 200 µg - 60 kapsułek wegańskich	5904139921319
PS0410180PL	Olej z wiesiołka 1800 mg z witaminą A i E - 180 kapsułek miękkich	5904139922231
PS0410180UK	Primrose Oil 1800 mg with vitamin A & E - 180 softgels	5904139922187
PS0410120UK	Primrose Oil 1800 mg with vitamin A & E - 120 softgels	5904139922194
PS0410120PL	Olej z wiesiołka 1800 mg z witaminą A i E - 120 kapsułek miękkich	5904139922224
PS041060PL 	Olej z wiesiołka 1800 mg z witaminą A i E - 60 kapsułek miękkich	5904139922217
PS041060UK	Primrose Oil 1800 mg with vitamin A & E - 60 softgels	5904139922200
PC0630120PL	Ostropest plamisty, sylimaryna 100 mg - 120 kapsułek wegańskich	5904139921968
PC0630120UK 	Milk Thistle, silymarin 100 mg - 120 vegan capsules	5904139921982
PC063060PL 	Ostropest plamisty, sylimaryna 100 mg - 60 kapsułek wegańskich	5904139921975
PC063060UK	Milk Thistle, silymarin 100 mg - 60 vegan capsules	5904139921999
PC02310120PL	Colostrum 1000 mg - 120 kapsułek	5904139923559
PC02310120UK	Colostrum 1000 mg - 120 capsules	5904139923566
PC0231060UK	Colostrum 1000 mg - 60 capsules	5904139923573
PC0231060PL	Colostrum 1000 mg - 60 kapsułek	5904139923542
PC01680180PL	Pikolinian cynku 50 mg - 180 kapsułek wegańskich	5904139921074
PC01680120PL	Pikolinian cynku 50 mg - 120 kapsułek wegańskich	5904139921050
PC0168060PL	Pikolinian cynku 50 mg - 60 kapsułek wegańskich	5904139921036
PC01680180UK	Zinc Picolinate 50 mg - 180 vegan capsules	5904139921081
PC01680120UK	Zinc Picolinate 50 mg - 120 vegan capsules	5904139921067
PC0168060UK	Zinc Picolinate 50 mg - 60 vegan capsules	5904139921043
PS030120PL	Witamina D3 + K2 2000 IU + 100 μg - 120 kapsułek	5904139920176
PS030120UK	Vitamin D3 + K2 2000 IU + 100 μg - 120 softgels	5904139920169
PS03060UK	Vitamin D3 + K2 2000 IU + 100 μg - 60 softgels	5904139920183
PS03060PL 	Witamina D3 + K2 2000 IU + 100 μg - 60 kapsułek	5904139920190
PS040120PL	Witamina K2 MK-7, 100 μg - 120 kapsułek miękkich	5904139920077
PS040120UK 	Vitamin K2 MK-7, 100 μg - 120 softgels	5904139920060
PS04060UK	Vitamin K2 MK-7, 100 μg - 60 softgels	5904139920084
PS04060PL	Witamina K2 MK-7, 100 μg - 60 kapsułek miękkich	5904139920091
PC0670180UK	Tribulus Terrestris, saponins 200 mg - 180 vegan capsules	5904139923689
PC0670120UK 	Tribulus Terrestris, saponins 200 mg - 120 vegan capsules	5904139923375
PC067090UK 	Tribulus Terrestris, saponins 200 mg - 90 vegan capsules	5904139923368
PC0670180PL	Tribulus Terrestris, saponiny 200 mg - 180 kapsułek wegańskich	5904139923672
PC0670120PL	Tribulus Terrestris, saponiny 200 mg - 120 kapsułek wegańskich	5904139923351
PC067090PL	Tribulus Terrestris, saponiny 200 mg - 90 kapsułek wegańskich	5904139923344
PC0230090UK	Magnesium balance & relax - 90 vegan capsules	5904139923597
PC0230090PL	Magnez balans & relaks - 90 kapsułek wegańskich	5904139923580
PC01830120PL	Kozieradka 550 mg - 120 kapsułek wegańskich	5904139923313
PC0183060UK 	Fenugreek 550 mg - 60 vegan capsules	5904139923337
PC0183060PL	Kozieradka 550 mg - 60 kapsułek wegańskich	5904139923306
PS0650180PL	Omega-3 olej rybi 1000 mg - 180 kapsułek	5904139923429
PS0650180UK	Omega-3 fish oil 1000 mg - 180 softgels	5904139923474
PS0650120PL	Omega-3 olej rybi 1000 mg - 120 kapsułek	5904139923436
PS0650120UK	Omega-3 fish oil 1000 mg - 120 softgels	5904139923467
PS065060PL	Omega-3 olej rybi 1000 mg - 60 kapsułek	5904139923443
PS065060UK	Omega-3 fish oil 1000 mg - 60 softgels	5904139923450
PC0430120PL	Niacynamid 500 mg - 120 wegańskich kapsułek	5904139920947
PC0430120UK	Niacinamide 500 mg - 120 vegan capsules	5904139920930
PC043060PL	Niacynamid 500 mg - 60 wegańskich kapsułek	5904139920923
PC043060UK	Niacinamide 500 mg - 60 vegan capsules	5904139920916
PS06060PL	Witamina D3 4000 IU - 60 kapsułek miękkich	5904139920640
PS06060UK	Vitamin D3 4000 IU - 60 softgels	5904139920510
PS060120UK	Vitamin D3 4000 IU - 120 softgels	5904139920503
PS060120PL	Witamina D3 4000 IU - 120 kapsułek miękkich	5904139920633
